,Algorithm,Pattern,Length,Found,Time
0,horspool,GGATTAGCACCAATATCGTC ,20,0,1.217844
1,BNDM,CGGAGAGTGCAAGAAGGGACTCAATCA ,27,0,0.272207
2,BOM,ATGAAGCCA ,9,1088,1.628344
3,BNDM,TCATGCCGCGGC ,12,23,0.487059
4,BOM,TGC ,3,4198154,3.385512
5,bruteforce,T ,1,67100823,1.884171
6,bruteforce,CTGGTC ,6,65210,1.200466
7,BOM,CTAGGTG ,7,16189,1.887596
8,BOM,TCATGCCGCGGC ,12,23,0.955237
9,bruteforce,AATTAAATACTTGATTTTTGAGC ,23,0,1.498865
10,BOM,TGATAGAGCGGCTCG ,15,0,1.096074
11,bruteforce,CCTTGGATTT ,10,246,1.077553
12,horspool,CTGGGAAG ,8,4125,0.610763
13,horspool,ATGTGAATACATTAGGCCTAAGCGCTCCG ,29,0,0.795089
14,BOM,TT ,2,16772254,2.384885
15,BOM,AATTAAATACTTGATTTTTGAGC ,23,0,0.803245
16,BNDM,GGGCAATCCAGGGCCGGTCTTGTG ,24,0,0.308855
17,horspool,TTAAAGTGCGTACATTGTTTGT ,22,0,0.522117
18,bruteforce,GAAGACTTCTAGTGTCCCGTGATAGCTGAC ,30,0,1.154159
19,bruteforce,AACCTTGCCGAGAA ,14,1,1.397677
20,BNDM,AAGTAGCGTAAACCCAGAAACTAGTAACATG ,31,0,0.242207
21,BNDM,GGATTAGCACCAATATCGTC ,20,0,0.348094
22,BOM,CGGCCGGGTCACAGACACT ,19,0,0.939537
23,BOM,GGATTAGCACCAATATCGTC ,20,0,0.97936
24,BNDM,TCATTCCCTGGCCCGCT ,17,0,0.343367
25,BNDM,CGGCCGGGTCACAGACACT ,19,0,0.294955
26,BNDM,AACCTTGCCGAGAA ,14,1,0.528524
27,BOM,T ,1,67100823,3.711285
28,BNDM,TGC ,3,4198154,1.993316
29,BOM,GAAGACTTCTAGTGTCCCGTGATAGCTGAC ,30,0,0.700789
30,horspool,GGGCCATTATTTCGCGTGCTCAGCGA ,26,0,1.024313
31,horspool,TGATAGAGCGGCTCG ,15,0,0.889394
32,bruteforce,ATGAAGCCA ,9,1088,1.076661
33,horspool,GGGCAATCCAGGGCCGGTCTTGTG ,24,0,0.617538
34,bruteforce,TCATGCCGCGGC ,12,23,1.397959
35,BOM,CCTTGGATTT ,10,246,1.397178
36,horspool,AGACCGTGCGCACCTAAATGGCATCCTC ,28,0,0.895729
37,BOM,AACCTTGCCGAGAA ,14,1,1.220678
38,BNDM,AATTAAATACTTGATTTTTGAGC ,23,0,0.331746
39,bruteforce,TAACGCCTGGGTAGTCAGCAC ,21,0,1.496055
40,BOM,TATTTCTCCCCTAAACCT ,18,0,0.868606
41,bruteforce,TT ,2,16772254,1.07349
42,BOM,TTAAAGTGCGTACATTGTTTGT ,22,0,0.651265
43,horspool,TGC ,3,4198154,1.51149
44,horspool,AAGTAGCGTAAACCCAGAAACTAGTAACATG ,31,0,0.796723
45,BNDM,TAACGCCTGGGTAGTCAGCAC ,21,0,0.348723
46,BNDM,CTGGGAAG ,8,4125,0.649844
47,horspool,AATTAAATACTTGATTTTTGAGC ,23,0,0.678516
48,BNDM,AATCTTAATGGTCACC ,16,0,0.33371
49,BOM,ACTC ,4,1048595,2.675324
50,bruteforce,TGC ,3,4198154,1.251234
51,bruteforce,GGGCCCAAAGG ,11,72,1.391032
52,BOM,TAACGCCTGGGTAGTCAGCAC ,21,0,0.925388
53,horspool,CGGAGAGTGCAAGAAGGGACTCAATCA ,27,0,0.896851
54,bruteforce,TGATAGAGCGGCTCG ,15,0,1.399505
55,bruteforce,CTGGGAAG ,8,4125,1.076508
56,bruteforce,GGATTAGCACCAATATCGTC ,20,0,1.498181
57,bruteforce,TATATTGATCGTTCCCTAGGTACAACGACACA ,32,0,1.200562
58,horspool,AACCTTGCCGAGAA ,14,1,0.83336
59,BNDM,TATATTGATCGTTCCCTAGGTACAACGACACA ,32,0,0.243907
60,horspool,CCTTGGATTT ,10,246,0.64187
61,BNDM,CTAGGTG ,7,16189,0.96748
62,BNDM,TATTTCTCCCCTAAACCT ,18,0,0.429572
63,horspool,GGGCCCAAAGG ,11,72,0.705519
64,horspool,CTAGGTG ,7,16189,1.030403
65,BOM,TGGCAAGCCCATA ,13,6,0.948011
66,BNDM,CTGGTC ,6,65210,0.927801
67,horspool,CTTTT ,5,262091,0.89478
68,horspool,TCATTCCCTGGCCCGCT ,17,0,0.480801
69,BNDM,ATGAAGCCA ,9,1088,0.83043
70,horspool,GCGCAGTTGACCGTGTCTTAGTCAC ,25,0,1.030623
71,BNDM,GCGCAGTTGACCGTGTCTTAGTCAC ,25,0,0.301956
72,BOM,AAGTAGCGTAAACCCAGAAACTAGTAACATG ,31,0,0.669443
73,BNDM,TGGCAAGCCCATA ,13,6,0.451208
74,bruteforce,CTAGGTG ,7,16189,1.198823
75,BOM,CTTTT ,5,262091,1.571482
76,BNDM,GGGCCATTATTTCGCGTGCTCAGCGA ,26,0,0.221009
77,bruteforce,GCGCAGTTGACCGTGTCTTAGTCAC ,25,0,1.155116
78,horspool,CGGCCGGGTCACAGACACT ,19,0,0.753531
79,horspool,TGGCAAGCCCATA ,13,6,0.853369
80,horspool,TAACGCCTGGGTAGTCAGCAC ,21,0,1.115495
81,BOM,CTGGTC ,6,65210,1.581065
82,BNDM,CCTTGGATTT ,10,246,0.722911
83,horspool,T ,1,67100823,3.202128
84,horspool,TATATTGATCGTTCCCTAGGTACAACGACACA ,32,0,0.711831
85,bruteforce,AAGTAGCGTAAACCCAGAAACTAGTAACATG ,31,0,1.154727
86,BOM,GGGCCCAAAGG ,11,72,1.223108
87,bruteforce,TCATTCCCTGGCCCGCT ,17,0,1.499489
88,bruteforce,AATCTTAATGGTCACC ,16,0,1.497268
89,bruteforce,TGGCAAGCCCATA ,13,6,1.078089
90,horspool,ATGAAGCCA ,9,1088,0.889914
91,BOM,AGACCGTGCGCACCTAAATGGCATCCTC ,28,0,0.73916
92,BNDM,GAAGACTTCTAGTGTCCCGTGATAGCTGAC ,30,0,0.255637
93,BOM,GGGCAATCCAGGGCCGGTCTTGTG ,24,0,0.820098
94,bruteforce,ACTC ,4,1048595,1.236638
95,BOM,AATCTTAATGGTCACC ,16,0,1.132601
96,BOM,GGGCCATTATTTCGCGTGCTCAGCGA ,26,0,0.791987
97,BNDM,TGATAGAGCGGCTCG ,15,0,0.49974
98,bruteforce,GGGCAATCCAGGGCCGGTCTTGTG ,24,0,1.154289
99,bruteforce,TATTTCTCCCCTAAACCT ,18,0,1.496385
100,BNDM,T ,1,67100823,2.558465
101,horspool,TCATGCCGCGGC ,12,23,0.638956
102,bruteforce,AGACCGTGCGCACCTAAATGGCATCCTC ,28,0,1.498762
103,bruteforce,GGGCCATTATTTCGCGTGCTCAGCGA ,26,0,1.497853
104,BOM,TCATTCCCTGGCCCGCT ,17,0,1.001119
105,horspool,ACTC ,4,1048595,1.11276
106,bruteforce,TTAAAGTGCGTACATTGTTTGT ,22,0,1.497072
107,horspool,AATCTTAATGGTCACC ,16,0,1.108736
108,BNDM,CTTTT ,5,262091,1.205953
109,BOM,CGGAGAGTGCAAGAAGGGACTCAATCA ,27,0,0.73698
110,BNDM,TT ,2,16772254,1.721243
111,bruteforce,CGGCCGGGTCACAGACACT ,19,0,1.497822
112,bruteforce,CTTTT ,5,262091,0.927429
113,bruteforce,CGGAGAGTGCAAGAAGGGACTCAATCA ,27,0,1.154593
114,BNDM,ATGTGAATACATTAGGCCTAAGCGCTCCG ,29,0,0.259925
115,BOM,ATGTGAATACATTAGGCCTAAGCGCTCCG ,29,0,0.606562
116,horspool,CTGGTC ,6,65210,0.962492
117,BOM,CTGGGAAG ,8,4125,1.28461
118,BOM,GCGCAGTTGACCGTGTCTTAGTCAC ,25,0,0.797166
119,BNDM,TTAAAGTGCGTACATTGTTTGT ,22,0,0.270641
120,BNDM,GGGCCCAAAGG ,11,72,0.694541
121,bruteforce,ATGTGAATACATTAGGCCTAAGCGCTCCG ,29,0,1.498766
122,horspool,GAAGACTTCTAGTGTCCCGTGATAGCTGAC ,30,0,1.035362
123,horspool,TT ,2,16772254,1.483098
124,horspool,TATTTCTCCCCTAAACCT ,18,0,0.487342
125,BNDM,ACTC ,4,1048595,1.577562
126,BOM,TATATTGATCGTTCCCTAGGTACAACGACACA ,32,0,0.676902
127,BNDM,AGACCGTGCGCACCTAAATGGCATCCTC ,28,0,0.261535
